{
  "instance": "84628166-d277-4357-952b-4ff23dbf4376",
  "version": 1,
  "deploymentMethod": "symlink_activator_elevated",
  "gameId": "valheim",
  "deploymentTime": 1630320680458,
  "stagingPath": "C:\\Users\\micha\\AppData\\Roaming\\Vortex\\valheim\\mods",
  "targetPath": "K:\\Steam Library\\steamapps\\common\\Valheim",
  "files": [
    {
      "relPath": "unstripped_corlib\\Mono.Security.dll",
      "source": "denikson-BepInExPack_Valheim-5.4.1100",
      "target": "",
      "time": 1612478936000
    },
    {
      "relPath": "unstripped_corlib\\System.Configuration.dll",
      "source": "denikson-BepInExPack_Valheim-5.4.1100",
      "target": "",
      "time": 1612478936000
    },
    {
      "relPath": "unstripped_corlib\\mscorlib.dll",
      "source": "denikson-BepInExPack_Valheim-5.4.1100",
      "target": "",
      "time": 1612478936000
    },
    {
      "relPath": "unstripped_corlib\\System.dll",
      "source": "denikson-BepInExPack_Valheim-5.4.1100",
      "target": "",
      "time": 1612478936000
    },
    {
      "relPath": "unstripped_corlib\\System.Core.dll",
      "source": "denikson-BepInExPack_Valheim-5.4.1100",
      "target": "",
      "time": 1612478936000
    },
    {
      "relPath": "unstripped_corlib\\System.Numerics.dll",
      "source": "denikson-BepInExPack_Valheim-5.4.1100",
      "target": "",
      "time": 1612478936000
    },
    {
      "relPath": "unstripped_corlib\\System.Security.dll",
      "source": "denikson-BepInExPack_Valheim-5.4.1100",
      "target": "",
      "time": 1612478936000
    },
    {
      "relPath": "unstripped_corlib\\System.Xml.dll",
      "source": "denikson-BepInExPack_Valheim-5.4.1100",
      "target": "",
      "time": 1612478936000
    },
    {
      "relPath": "unstripped_corlib\\UnityEngine.AccessibilityModule.dll",
      "source": "denikson-BepInExPack_Valheim-5.4.1100",
      "target": "",
      "time": 1617207472000
    },
    {
      "relPath": "unstripped_corlib\\UnityEngine.AIModule.dll",
      "source": "denikson-BepInExPack_Valheim-5.4.1100",
      "target": "",
      "time": 1617207472000
    },
    {
      "relPath": "unstripped_corlib\\UnityEngine.AndroidJNIModule.dll",
      "source": "denikson-BepInExPack_Valheim-5.4.1100",
      "target": "",
      "time": 1617207472000
    },
    {
      "relPath": "unstripped_corlib\\UnityEngine.AnimationModule.dll",
      "source": "denikson-BepInExPack_Valheim-5.4.1100",
      "target": "",
      "time": 1617207472000
    },
    {
      "relPath": "unstripped_corlib\\UnityEngine.ARModule.dll",
      "source": "denikson-BepInExPack_Valheim-5.4.1100",
      "target": "",
      "time": 1617207500000
    },
    {
      "relPath": "unstripped_corlib\\UnityEngine.AssetBundleModule.dll",
      "source": "denikson-BepInExPack_Valheim-5.4.1100",
      "target": "",
      "time": 1617207490000
    },
    {
      "relPath": "unstripped_corlib\\UnityEngine.AudioModule.dll",
      "source": "denikson-BepInExPack_Valheim-5.4.1100",
      "target": "",
      "time": 1617207472000
    },
    {
      "relPath": "unstripped_corlib\\UnityEngine.ClothModule.dll",
      "source": "denikson-BepInExPack_Valheim-5.4.1100",
      "target": "",
      "time": 1617207494000
    },
    {
      "relPath": "unstripped_corlib\\UnityEngine.ClusterInputModule.dll",
      "source": "denikson-BepInExPack_Valheim-5.4.1100",
      "target": "",
      "time": 1617207472000
    },
    {
      "relPath": "unstripped_corlib\\UnityEngine.ClusterRendererModule.dll",
      "source": "denikson-BepInExPack_Valheim-5.4.1100",
      "target": "",
      "time": 1617207490000
    },
    {
      "relPath": "unstripped_corlib\\UnityEngine.CoreModule.dll",
      "source": "denikson-BepInExPack_Valheim-5.4.1100",
      "target": "",
      "time": 1617207468000
    },
    {
      "relPath": "unstripped_corlib\\UnityEngine.CrashReportingModule.dll",
      "source": "denikson-BepInExPack_Valheim-5.4.1100",
      "target": "",
      "time": 1617207504000
    },
    {
      "relPath": "unstripped_corlib\\UnityEngine.DirectorModule.dll",
      "source": "denikson-BepInExPack_Valheim-5.4.1100",
      "target": "",
      "time": 1617207492000
    },
    {
      "relPath": "unstripped_corlib\\UnityEngine.dll",
      "source": "denikson-BepInExPack_Valheim-5.4.1100",
      "target": "",
      "time": 1617207506000
    },
    {
      "relPath": "unstripped_corlib\\UnityEngine.DSPGraphModule.dll",
      "source": "denikson-BepInExPack_Valheim-5.4.1100",
      "target": "",
      "time": 1617207490000
    },
    {
      "relPath": "unstripped_corlib\\UnityEngine.GameCenterModule.dll",
      "source": "denikson-BepInExPack_Valheim-5.4.1100",
      "target": "",
      "time": 1617207492000
    },
    {
      "relPath": "unstripped_corlib\\UnityEngine.GridModule.dll",
      "source": "denikson-BepInExPack_Valheim-5.4.1100",
      "target": "",
      "time": 1617207472000
    },
    {
      "relPath": "unstripped_corlib\\UnityEngine.HotReloadModule.dll",
      "source": "denikson-BepInExPack_Valheim-5.4.1100",
      "target": "",
      "time": 1617207472000
    },
    {
      "relPath": "unstripped_corlib\\UnityEngine.ImageConversionModule.dll",
      "source": "denikson-BepInExPack_Valheim-5.4.1100",
      "target": "",
      "time": 1617207472000
    },
    {
      "relPath": "unstripped_corlib\\UnityEngine.IMGUIModule.dll",
      "source": "denikson-BepInExPack_Valheim-5.4.1100",
      "target": "",
      "time": 1617207494000
    },
    {
      "relPath": "unstripped_corlib\\UnityEngine.InputLegacyModule.dll",
      "source": "denikson-BepInExPack_Valheim-5.4.1100",
      "target": "",
      "time": 1617207472000
    },
    {
      "relPath": "unstripped_corlib\\UnityEngine.InputModule.dll",
      "source": "denikson-BepInExPack_Valheim-5.4.1100",
      "target": "",
      "time": 1617207494000
    },
    {
      "relPath": "unstripped_corlib\\UnityEngine.JSONSerializeModule.dll",
      "source": "denikson-BepInExPack_Valheim-5.4.1100",
      "target": "",
      "time": 1617207472000
    },
    {
      "relPath": "unstripped_corlib\\UnityEngine.LocalizationModule.dll",
      "source": "denikson-BepInExPack_Valheim-5.4.1100",
      "target": "",
      "time": 1617207472000
    },
    {
      "relPath": "unstripped_corlib\\UnityEngine.ParticleSystemModule.dll",
      "source": "denikson-BepInExPack_Valheim-5.4.1100",
      "target": "",
      "time": 1617207472000
    },
    {
      "relPath": "unstripped_corlib\\UnityEngine.PerformanceReportingModule.dll",
      "source": "denikson-BepInExPack_Valheim-5.4.1100",
      "target": "",
      "time": 1617207504000
    },
    {
      "relPath": "unstripped_corlib\\UnityEngine.Physics2DModule.dll",
      "source": "denikson-BepInExPack_Valheim-5.4.1100",
      "target": "",
      "time": 1617207474000
    },
    {
      "relPath": "unstripped_corlib\\UnityEngine.PhysicsModule.dll",
      "source": "denikson-BepInExPack_Valheim-5.4.1100",
      "target": "",
      "time": 1617207472000
    },
    {
      "relPath": "unstripped_corlib\\UnityEngine.ProfilerModule.dll",
      "source": "denikson-BepInExPack_Valheim-5.4.1100",
      "target": "",
      "time": 1617207472000
    },
    {
      "relPath": "unstripped_corlib\\UnityEngine.ScreenCaptureModule.dll",
      "source": "denikson-BepInExPack_Valheim-5.4.1100",
      "target": "",
      "time": 1617207492000
    },
    {
      "relPath": "unstripped_corlib\\UnityEngine.SharedInternalsModule.dll",
      "source": "denikson-BepInExPack_Valheim-5.4.1100",
      "target": "",
      "time": 1617207138000
    },
    {
      "relPath": "unstripped_corlib\\UnityEngine.SpriteMaskModule.dll",
      "source": "denikson-BepInExPack_Valheim-5.4.1100",
      "target": "",
      "time": 1617207472000
    },
    {
      "relPath": "unstripped_corlib\\UnityEngine.SpriteShapeModule.dll",
      "source": "denikson-BepInExPack_Valheim-5.4.1100",
      "target": "",
      "time": 1617207472000
    },
    {
      "relPath": "unstripped_corlib\\UnityEngine.StreamingModule.dll",
      "source": "denikson-BepInExPack_Valheim-5.4.1100",
      "target": "",
      "time": 1617207472000
    },
    {
      "relPath": "unstripped_corlib\\UnityEngine.SubstanceModule.dll",
      "source": "denikson-BepInExPack_Valheim-5.4.1100",
      "target": "",
      "time": 1617207472000
    },
    {
      "relPath": "unstripped_corlib\\UnityEngine.SubsystemsModule.dll",
      "source": "denikson-BepInExPack_Valheim-5.4.1100",
      "target": "",
      "time": 1617207492000
    },
    {
      "relPath": "unstripped_corlib\\UnityEngine.TerrainModule.dll",
      "source": "denikson-BepInExPack_Valheim-5.4.1100",
      "target": "",
      "time": 1617207474000
    },
    {
      "relPath": "unstripped_corlib\\UnityEngine.TerrainPhysicsModule.dll",
      "source": "denikson-BepInExPack_Valheim-5.4.1100",
      "target": "",
      "time": 1617207494000
    },
    {
      "relPath": "unstripped_corlib\\UnityEngine.TextCoreModule.dll",
      "source": "denikson-BepInExPack_Valheim-5.4.1100",
      "target": "",
      "time": 1617207494000
    },
    {
      "relPath": "unstripped_corlib\\UnityEngine.TextRenderingModule.dll",
      "source": "denikson-BepInExPack_Valheim-5.4.1100",
      "target": "",
      "time": 1617207474000
    },
    {
      "relPath": "unstripped_corlib\\UnityEngine.TilemapModule.dll",
      "source": "denikson-BepInExPack_Valheim-5.4.1100",
      "target": "",
      "time": 1617207494000
    },
    {
      "relPath": "unstripped_corlib\\UnityEngine.TLSModule.dll",
      "source": "denikson-BepInExPack_Valheim-5.4.1100",
      "target": "",
      "time": 1617207472000
    },
    {
      "relPath": "unstripped_corlib\\UnityEngine.UI.dll",
      "source": "denikson-BepInExPack_Valheim-5.4.1100",
      "target": "",
      "time": 1613581536000
    },
    {
      "relPath": "unstripped_corlib\\UnityEngine.UIElementsModule.dll",
      "source": "denikson-BepInExPack_Valheim-5.4.1100",
      "target": "",
      "time": 1617207502000
    },
    {
      "relPath": "unstripped_corlib\\UnityEngine.UIModule.dll",
      "source": "denikson-BepInExPack_Valheim-5.4.1100",
      "target": "",
      "time": 1617207494000
    },
    {
      "relPath": "unstripped_corlib\\UnityEngine.UmbraModule.dll",
      "source": "denikson-BepInExPack_Valheim-5.4.1100",
      "target": "",
      "time": 1617207474000
    },
    {
      "relPath": "unstripped_corlib\\UnityEngine.UNETModule.dll",
      "source": "denikson-BepInExPack_Valheim-5.4.1100",
      "target": "",
      "time": 1617207500000
    },
    {
      "relPath": "unstripped_corlib\\UnityEngine.UnityAnalyticsModule.dll",
      "source": "denikson-BepInExPack_Valheim-5.4.1100",
      "target": "",
      "time": 1617207500000
    },
    {
      "relPath": "unstripped_corlib\\UnityEngine.UnityConnectModule.dll",
      "source": "denikson-BepInExPack_Valheim-5.4.1100",
      "target": "",
      "time": 1617207474000
    },
    {
      "relPath": "unstripped_corlib\\UnityEngine.UnityTestProtocolModule.dll",
      "source": "denikson-BepInExPack_Valheim-5.4.1100",
      "target": "",
      "time": 1617207494000
    },
    {
      "relPath": "unstripped_corlib\\UnityEngine.UnityWebRequestAudioModule.dll",
      "source": "denikson-BepInExPack_Valheim-5.4.1100",
      "target": "",
      "time": 1617207500000
    },
    {
      "relPath": "unstripped_corlib\\UnityEngine.UnityWebRequestAssetBundleModule.dll",
      "source": "denikson-BepInExPack_Valheim-5.4.1100",
      "target": "",
      "time": 1617207500000
    },
    {
      "relPath": "unstripped_corlib\\UnityEngine.UnityWebRequestModule.dll",
      "source": "denikson-BepInExPack_Valheim-5.4.1100",
      "target": "",
      "time": 1617207494000
    },
    {
      "relPath": "unstripped_corlib\\UnityEngine.UnityWebRequestTextureModule.dll",
      "source": "denikson-BepInExPack_Valheim-5.4.1100",
      "target": "",
      "time": 1617207500000
    },
    {
      "relPath": "unstripped_corlib\\UnityEngine.UnityWebRequestWWWModule.dll",
      "source": "denikson-BepInExPack_Valheim-5.4.1100",
      "target": "",
      "time": 1617207504000
    },
    {
      "relPath": "unstripped_corlib\\UnityEngine.VehiclesModule.dll",
      "source": "denikson-BepInExPack_Valheim-5.4.1100",
      "target": "",
      "time": 1617207494000
    },
    {
      "relPath": "unstripped_corlib\\UnityEngine.VFXModule.dll",
      "source": "denikson-BepInExPack_Valheim-5.4.1100",
      "target": "",
      "time": 1617207474000
    },
    {
      "relPath": "unstripped_corlib\\UnityEngine.VideoModule.dll",
      "source": "denikson-BepInExPack_Valheim-5.4.1100",
      "target": "",
      "time": 1617207502000
    },
    {
      "relPath": "unstripped_corlib\\UnityEngine.VRModule.dll",
      "source": "denikson-BepInExPack_Valheim-5.4.1100",
      "target": "",
      "time": 1617207504000
    },
    {
      "relPath": "unstripped_corlib\\UnityEngine.WindModule.dll",
      "source": "denikson-BepInExPack_Valheim-5.4.1100",
      "target": "",
      "time": 1617207474000
    },
    {
      "relPath": "unstripped_corlib\\Mono.Posix.dll",
      "source": "denikson-BepInExPack_Valheim-5.4.1100",
      "target": "",
      "time": 1612478936000
    },
    {
      "relPath": "unstripped_corlib\\UnityEngine.XRModule.dll",
      "source": "denikson-BepInExPack_Valheim-5.4.1100",
      "target": "",
      "time": 1617207500000
    }
  ]
}