{
  "instance": "84628166-d277-4357-952b-4ff23dbf4376",
  "version": 1,
  "deploymentMethod": "symlink_activator_elevated",
  "gameId": "valheim",
  "deploymentTime": 1630320680501,
  "stagingPath": "C:\\Users\\micha\\AppData\\Roaming\\Vortex\\valheim\\mods",
  "targetPath": "K:\\Steam Library\\steamapps\\common\\Valheim\\BepInEx",
  "files": [
    {
      "relPath": "plugins\\ValheimPlus.dll",
      "source": "0.9.8.1 ValheimPlus Vortex-4-0-9-8-1-1621763747",
      "target": "",
      "time": 1621763081000
    },
    {
      "relPath": "config\\Cagatus.ValheimEventEnhancer.cfg",
      "source": "ValheimEventEnhancer - v0.2-154-0-2-1614515966",
      "target": "",
      "time": 1630280330000
    },
    {
      "relPath": "plugins\\AutoRepair.dll",
      "source": "Auto Repair-721-5-4-903-1617009315",
      "target": "",
      "time": 1617009190000
    },
    {
      "relPath": "plugins\\UsefulTrophies.dll",
      "source": "UsefulTrophies-123-1-1-0-1614673746",
      "target": "",
      "time": 1614673055000
    },
    {
      "relPath": "plugins\\FireIsHot\\FireIsHot.dll",
      "source": "Fire Is Hot-155-1-0-0-1614366464",
      "target": "",
      "time": 1614358970000
    },
    {
      "relPath": "plugins\\VHEventEnhancer.dll",
      "source": "ValheimEventEnhancer - v0.2-154-0-2-1614515966",
      "target": "",
      "time": 1614515725000
    }
  ]
}